[
  {
    "fileId": "7d942f4e-46f4-4df9-84e1-4b152fe9ff95",
    "originalName": "Screenshot 2025-09-30 at 11.02.54 PM.png",
    "size": 2446313,
    "mimeType": "image/png",
    "rawPath": "uploads/raw/7d942f4e-46f4-4df9-84e1-4b152fe9ff95.png",
    "timestamp": 1759256217859,
    "processedPath": "uploads/processed/9d671baf-6646-415e-b543-04f0765e7111.jpg",
    "operations": [
      {
        "type": "convert",
        "params": {
          "format": "jpeg"
        }
      },
      {
        "type": "quality",
        "params": {
          "quality": 18
        }
      }
    ]
  },
  {
    "fileId": "ccbaa755-58bb-4a36-92e1-c8b494b8d1f0",
    "originalName": "_DSC0280.JPG",
    "size": 1155217,
    "mimeType": "image/jpeg",
    "rawPath": "uploads/raw/ccbaa755-58bb-4a36-92e1-c8b494b8d1f0.JPG",
    "timestamp": 1759256530804,
    "processedPath": "uploads/processed/dc4bf01e-1dbc-4687-8072-556c763edf22.jpg",
    "operations": [
      {
        "type": "resize",
        "params": {
          "width": 2,
          "height": 6,
          "fit": "inside"
        }
      },
      {
        "type": "convert",
        "params": {
          "format": "jpeg"
        }
      },
      {
        "type": "quality",
        "params": {
          "quality": 80
        }
      }
    ]
  },
  {
    "fileId": "3faf91aa-83ec-4928-9db5-7ec333c08434",
    "originalName": "_DSC0039.JPG",
    "size": 7901791,
    "mimeType": "image/jpeg",
    "rawPath": "uploads/raw/3faf91aa-83ec-4928-9db5-7ec333c08434.JPG",
    "timestamp": 1759256767342,
    "processedPath": "uploads/processed/dc33f584-f83d-4164-b318-1252196e5535.png",
    "operations": [
      {
        "type": "convert",
        "params": {
          "format": "png"
        }
      },
      {
        "type": "quality",
        "params": {
          "quality": 74
        }
      }
    ]
  }
]